"economy_avg","security_avg","welfare_avg","governance_avg","values_avg"
71.8111587982833,57.68669527897,25.6180257510729,115.618025751073,35.3648068669528
