"accuracy_mean","accuracy_sd","macro_precision_mean","macro_recall_mean","macro_f1_mean"
0.512087912087912,0.147146098824356,0.536031746031746,0.440079365079365,0.52658305746541
